run_id,task_type,gpu_energy_j,model
1,factual_simple,503.753,qwen_72b
2,factual_simple,502.432,qwen_72b
3,factual_simple,20.505,qwen_72b
4,factual_simple,310.258,qwen_72b
5,factual_simple,195.515,qwen_72b
6,factual_simple,502.431,qwen_72b
7,factual_simple,342.149,qwen_72b
8,factual_simple,509.637,qwen_72b
9,factual_simple,508.488,qwen_72b
10,factual_simple,511.081,qwen_72b
11,factual_simple,306.02,qwen_72b
12,factual_simple,510.37,qwen_72b
13,factual_simple,201.286,qwen_72b
14,factual_simple,505.875,qwen_72b
15,factual_simple,339.443,qwen_72b
16,factual_simple,224.757,qwen_72b
17,factual_simple,506.987,qwen_72b
18,factual_simple,513.43,qwen_72b
19,factual_simple,504.375,qwen_72b
20,factual_simple,499.255,qwen_72b
21,summarization_short,1331.876,qwen_72b
22,summarization_short,1774.56,qwen_72b
23,summarization_short,1788.145,qwen_72b
24,summarization_short,1783.783,qwen_72b
25,summarization_short,1773.843,qwen_72b
26,summarization_short,1770.792,qwen_72b
27,summarization_short,1522.554,qwen_72b
28,summarization_short,1759.107,qwen_72b
29,summarization_short,912.261,qwen_72b
30,summarization_short,1776.9,qwen_72b
31,summarization_short,1763.836,qwen_72b
32,summarization_short,1775.712,qwen_72b
33,summarization_short,1774.76,qwen_72b
34,summarization_short,1782.326,qwen_72b
35,summarization_short,1771.55,qwen_72b
36,summarization_short,1775.114,qwen_72b
37,summarization_short,1146.453,qwen_72b
38,summarization_short,1770.016,qwen_72b
39,summarization_short,1348.142,qwen_72b
40,summarization_short,1771.866,qwen_72b
41,reasoning_arithmetic,2792.98,qwen_72b
42,reasoning_arithmetic,2870.051,qwen_72b
43,reasoning_arithmetic,2798.003,qwen_72b
44,reasoning_arithmetic,2787.297,qwen_72b
45,reasoning_arithmetic,2874.918,qwen_72b
46,reasoning_arithmetic,2874.509,qwen_72b
47,reasoning_arithmetic,1366.748,qwen_72b
48,reasoning_arithmetic,2624.275,qwen_72b
49,reasoning_arithmetic,2883.755,qwen_72b
50,reasoning_arithmetic,2271.474,qwen_72b
51,reasoning_arithmetic,2768.01,qwen_72b
52,reasoning_arithmetic,2457.262,qwen_72b
53,reasoning_arithmetic,2796.618,qwen_72b
54,reasoning_arithmetic,2864.414,qwen_72b
55,reasoning_arithmetic,2787.075,qwen_72b
56,reasoning_arithmetic,2787.623,qwen_72b
57,reasoning_arithmetic,2870.716,qwen_72b
58,reasoning_arithmetic,2876.558,qwen_72b
59,reasoning_arithmetic,2873.533,qwen_72b
60,reasoning_arithmetic,2774.759,qwen_72b
61,code_simple,4549.786,qwen_72b
62,code_simple,4187.489,qwen_72b
63,code_simple,4194.201,qwen_72b
64,code_simple,3998.863,qwen_72b
65,code_simple,4208.998,qwen_72b
66,code_simple,4178.731,qwen_72b
67,code_simple,4021.217,qwen_72b
68,code_simple,4176.321,qwen_72b
69,code_simple,4177.308,qwen_72b
70,code_simple,3107.381,qwen_72b
71,code_simple,4204.227,qwen_72b
72,code_simple,4182.665,qwen_72b
73,code_simple,3445.554,qwen_72b
74,code_simple,4182.116,qwen_72b
75,code_simple,4191.897,qwen_72b
76,code_simple,4192.553,qwen_72b
77,code_simple,4182.634,qwen_72b
78,code_simple,4181.499,qwen_72b
79,code_simple,3174.801,qwen_72b
80,code_simple,4190.368,qwen_72b
81,factual_simple,460.349,qwen2_72b
82,factual_simple,454.546,qwen2_72b
83,factual_simple,462.925,qwen2_72b
84,factual_simple,454.814,qwen2_72b
85,factual_simple,305.48,qwen2_72b
86,factual_simple,455.931,qwen2_72b
87,factual_simple,146.028,qwen2_72b
88,factual_simple,459.552,qwen2_72b
89,factual_simple,458.003,qwen2_72b
90,factual_simple,459.432,qwen2_72b
91,factual_simple,456.883,qwen2_72b
92,factual_simple,252.006,qwen2_72b
93,factual_simple,169.684,qwen2_72b
94,factual_simple,279.36,qwen2_72b
95,factual_simple,458.47,qwen2_72b
96,factual_simple,298.39,qwen2_72b
97,factual_simple,456.403,qwen2_72b
98,factual_simple,145.911,qwen2_72b
99,factual_simple,460.421,qwen2_72b
100,factual_simple,460.02,qwen2_72b
101,summarization_short,1599.449,qwen2_72b
102,summarization_short,1590.864,qwen2_72b
103,summarization_short,1605.71,qwen2_72b
104,summarization_short,1592.22,qwen2_72b
105,summarization_short,1602.435,qwen2_72b
106,summarization_short,1608.331,qwen2_72b
107,summarization_short,1604.911,qwen2_72b
108,summarization_short,1054.261,qwen2_72b
109,summarization_short,1595.481,qwen2_72b
110,summarization_short,1489.865,qwen2_72b
111,summarization_short,1603.56,qwen2_72b
112,summarization_short,1603.329,qwen2_72b
113,summarization_short,1593.287,qwen2_72b
114,summarization_short,1616.194,qwen2_72b
115,summarization_short,1606.604,qwen2_72b
116,summarization_short,1605.203,qwen2_72b
117,summarization_short,1596.131,qwen2_72b
118,summarization_short,1136.746,qwen2_72b
119,summarization_short,1600.994,qwen2_72b
120,summarization_short,1543.154,qwen2_72b
121,reasoning_arithmetic,2717.413,qwen2_72b
122,reasoning_arithmetic,2634.63,qwen2_72b
123,reasoning_arithmetic,2550.699,qwen2_72b
124,reasoning_arithmetic,2547.402,qwen2_72b
125,reasoning_arithmetic,1747.169,qwen2_72b
126,reasoning_arithmetic,2381.983,qwen2_72b
127,reasoning_arithmetic,2546.185,qwen2_72b
128,reasoning_arithmetic,2610.54,qwen2_72b
129,reasoning_arithmetic,2559.946,qwen2_72b
130,reasoning_arithmetic,2044.141,qwen2_72b
131,reasoning_arithmetic,2600.881,qwen2_72b
132,reasoning_arithmetic,2554.993,qwen2_72b
133,reasoning_arithmetic,2549.403,qwen2_72b
134,reasoning_arithmetic,2560.524,qwen2_72b
135,reasoning_arithmetic,2611.72,qwen2_72b
136,reasoning_arithmetic,2548.442,qwen2_72b
137,reasoning_arithmetic,2621.835,qwen2_72b
138,reasoning_arithmetic,2617.119,qwen2_72b
139,reasoning_arithmetic,2615.761,qwen2_72b
140,reasoning_arithmetic,2620.978,qwen2_72b
141,code_simple,3841.316,qwen2_72b
142,code_simple,3827.716,qwen2_72b
143,code_simple,3844.492,qwen2_72b
144,code_simple,3841.055,qwen2_72b
145,code_simple,3836.081,qwen2_72b
146,code_simple,3833.418,qwen2_72b
147,code_simple,3826.102,qwen2_72b
148,code_simple,3823.355,qwen2_72b
149,code_simple,3846.891,qwen2_72b
150,code_simple,3834.761,qwen2_72b
151,code_simple,3842.716,qwen2_72b
152,code_simple,3834.818,qwen2_72b
153,code_simple,3855.626,qwen2_72b
154,code_simple,3837.992,qwen2_72b
155,code_simple,3825.707,qwen2_72b
156,code_simple,3829.773,qwen2_72b
157,code_simple,3487.464,qwen2_72b
158,code_simple,3852.277,qwen2_72b
159,code_simple,3833.21,qwen2_72b
160,code_simple,3854.89,qwen2_72b
161,factual_simple,557.025,qwen2_5_72b
162,factual_simple,557.537,qwen2_5_72b
163,factual_simple,555.439,qwen2_5_72b
164,factual_simple,556.339,qwen2_5_72b
165,factual_simple,550.315,qwen2_5_72b
166,factual_simple,555.582,qwen2_5_72b
167,factual_simple,554.161,qwen2_5_72b
168,factual_simple,559.589,qwen2_5_72b
169,factual_simple,555.935,qwen2_5_72b
170,factual_simple,561.796,qwen2_5_72b
171,factual_simple,341.325,qwen2_5_72b
172,factual_simple,179.06,qwen2_5_72b
173,factual_simple,561.349,qwen2_5_72b
174,factual_simple,556.0,qwen2_5_72b
175,factual_simple,556.557,qwen2_5_72b
176,factual_simple,209.435,qwen2_5_72b
177,factual_simple,558.621,qwen2_5_72b
178,factual_simple,555.292,qwen2_5_72b
179,factual_simple,558.677,qwen2_5_72b
180,factual_simple,558.541,qwen2_5_72b
181,summarization_short,1377.817,qwen2_5_72b
182,summarization_short,1670.836,qwen2_5_72b
183,summarization_short,1949.184,qwen2_5_72b
184,summarization_short,1933.819,qwen2_5_72b
185,summarization_short,1482.67,qwen2_5_72b
186,summarization_short,1481.456,qwen2_5_72b
187,summarization_short,1948.911,qwen2_5_72b
188,summarization_short,1664.616,qwen2_5_72b
189,summarization_short,1945.276,qwen2_5_72b
190,summarization_short,1943.128,qwen2_5_72b
191,summarization_short,1350.631,qwen2_5_72b
192,summarization_short,1942.626,qwen2_5_72b
193,summarization_short,1937.913,qwen2_5_72b
194,summarization_short,1949.646,qwen2_5_72b
195,summarization_short,1604.165,qwen2_5_72b
196,summarization_short,1934.956,qwen2_5_72b
197,summarization_short,1941.111,qwen2_5_72b
198,summarization_short,1947.9,qwen2_5_72b
199,summarization_short,1941.416,qwen2_5_72b
200,summarization_short,1937.499,qwen2_5_72b
201,reasoning_arithmetic,3069.838,qwen2_5_72b
202,reasoning_arithmetic,3082.119,qwen2_5_72b
203,reasoning_arithmetic,3070.965,qwen2_5_72b
204,reasoning_arithmetic,3194.578,qwen2_5_72b
205,reasoning_arithmetic,3176.554,qwen2_5_72b
206,reasoning_arithmetic,3070.291,qwen2_5_72b
207,reasoning_arithmetic,3070.076,qwen2_5_72b
208,reasoning_arithmetic,3186.818,qwen2_5_72b
209,reasoning_arithmetic,3177.981,qwen2_5_72b
210,reasoning_arithmetic,3168.255,qwen2_5_72b
211,reasoning_arithmetic,3172.465,qwen2_5_72b
212,reasoning_arithmetic,3181.432,qwen2_5_72b
213,reasoning_arithmetic,3096.974,qwen2_5_72b
214,reasoning_arithmetic,3074.736,qwen2_5_72b
215,reasoning_arithmetic,3183.661,qwen2_5_72b
216,reasoning_arithmetic,3071.175,qwen2_5_72b
217,reasoning_arithmetic,3073.17,qwen2_5_72b
218,reasoning_arithmetic,3076.836,qwen2_5_72b
219,reasoning_arithmetic,3076.653,qwen2_5_72b
220,reasoning_arithmetic,3163.12,qwen2_5_72b
221,code_simple,4653.38,qwen2_5_72b
222,code_simple,4629.673,qwen2_5_72b
223,code_simple,4637.158,qwen2_5_72b
224,code_simple,4639.703,qwen2_5_72b
225,code_simple,4628.374,qwen2_5_72b
226,code_simple,4653.807,qwen2_5_72b
227,code_simple,4650.028,qwen2_5_72b
228,code_simple,4663.614,qwen2_5_72b
229,code_simple,4671.299,qwen2_5_72b
230,code_simple,4649.259,qwen2_5_72b
231,code_simple,4651.64,qwen2_5_72b
232,code_simple,4638.069,qwen2_5_72b
233,code_simple,4672.032,qwen2_5_72b
234,code_simple,4634.641,qwen2_5_72b
235,code_simple,4656.629,qwen2_5_72b
236,code_simple,4649.083,qwen2_5_72b
237,code_simple,4643.273,qwen2_5_72b
238,code_simple,4640.699,qwen2_5_72b
239,code_simple,4645.353,qwen2_5_72b
240,code_simple,4645.829,qwen2_5_72b
241,factual_simple,4.3,qwen3_0_6b
242,factual_simple,0.32,qwen3_0_6b
243,factual_simple,0.333,qwen3_0_6b
244,factual_simple,0.325,qwen3_0_6b
245,factual_simple,0.318,qwen3_0_6b
246,factual_simple,0.309,qwen3_0_6b
247,factual_simple,0.367,qwen3_0_6b
248,factual_simple,0.358,qwen3_0_6b
249,factual_simple,0.343,qwen3_0_6b
250,factual_simple,0.334,qwen3_0_6b
251,factual_simple,0.333,qwen3_0_6b
252,factual_simple,0.329,qwen3_0_6b
253,factual_simple,0.326,qwen3_0_6b
254,factual_simple,0.323,qwen3_0_6b
255,factual_simple,0.354,qwen3_0_6b
256,factual_simple,0.306,qwen3_0_6b
257,factual_simple,0.327,qwen3_0_6b
258,factual_simple,0.384,qwen3_0_6b
259,factual_simple,0.36,qwen3_0_6b
260,factual_simple,0.332,qwen3_0_6b
261,summarization_short,1.172,qwen3_0_6b
262,summarization_short,1.281,qwen3_0_6b
263,summarization_short,1.217,qwen3_0_6b
264,summarization_short,1.314,qwen3_0_6b
265,summarization_short,1.28,qwen3_0_6b
266,summarization_short,1.214,qwen3_0_6b
267,summarization_short,1.405,qwen3_0_6b
268,summarization_short,1.369,qwen3_0_6b
269,summarization_short,1.242,qwen3_0_6b
270,summarization_short,1.187,qwen3_0_6b
271,summarization_short,1.341,qwen3_0_6b
272,summarization_short,1.334,qwen3_0_6b
273,summarization_short,1.126,qwen3_0_6b
274,summarization_short,1.121,qwen3_0_6b
275,summarization_short,1.384,qwen3_0_6b
276,summarization_short,1.229,qwen3_0_6b
277,summarization_short,1.346,qwen3_0_6b
278,summarization_short,1.383,qwen3_0_6b
279,summarization_short,1.398,qwen3_0_6b
280,summarization_short,1.444,qwen3_0_6b
281,reasoning_arithmetic,3.211,qwen3_0_6b
282,reasoning_arithmetic,3.035,qwen3_0_6b
283,reasoning_arithmetic,2.851,qwen3_0_6b
284,reasoning_arithmetic,3.093,qwen3_0_6b
285,reasoning_arithmetic,3.013,qwen3_0_6b
286,reasoning_arithmetic,2.89,qwen3_0_6b
287,reasoning_arithmetic,3.323,qwen3_0_6b
288,reasoning_arithmetic,2.977,qwen3_0_6b
289,reasoning_arithmetic,2.745,qwen3_0_6b
290,reasoning_arithmetic,2.825,qwen3_0_6b
291,reasoning_arithmetic,3.133,qwen3_0_6b
292,reasoning_arithmetic,2.871,qwen3_0_6b
293,reasoning_arithmetic,2.929,qwen3_0_6b
294,reasoning_arithmetic,3.112,qwen3_0_6b
295,reasoning_arithmetic,2.841,qwen3_0_6b
296,reasoning_arithmetic,2.615,qwen3_0_6b
297,reasoning_arithmetic,2.72,qwen3_0_6b
298,reasoning_arithmetic,2.763,qwen3_0_6b
299,reasoning_arithmetic,2.954,qwen3_0_6b
300,reasoning_arithmetic,3.023,qwen3_0_6b
301,code_simple,6.705,qwen3_0_6b
302,code_simple,6.589,qwen3_0_6b
303,code_simple,6.253,qwen3_0_6b
304,code_simple,6.546,qwen3_0_6b
305,code_simple,5.958,qwen3_0_6b
306,code_simple,6.656,qwen3_0_6b
307,code_simple,5.951,qwen3_0_6b
308,code_simple,5.958,qwen3_0_6b
309,code_simple,6.64,qwen3_0_6b
310,code_simple,6.513,qwen3_0_6b
311,code_simple,6.656,qwen3_0_6b
312,code_simple,6.568,qwen3_0_6b
313,code_simple,6.33,qwen3_0_6b
314,code_simple,6.645,qwen3_0_6b
315,code_simple,6.33,qwen3_0_6b
316,code_simple,6.203,qwen3_0_6b
317,code_simple,6.714,qwen3_0_6b
318,code_simple,6.386,qwen3_0_6b
319,code_simple,6.164,qwen3_0_6b
320,code_simple,6.607,qwen3_0_6b
321,factual_simple,378.451,qwen3_235b
322,factual_simple,379.298,qwen3_235b
323,factual_simple,364.116,qwen3_235b
324,factual_simple,363.24,qwen3_235b
325,factual_simple,355.574,qwen3_235b
326,factual_simple,359.881,qwen3_235b
327,factual_simple,365.74,qwen3_235b
328,factual_simple,357.371,qwen3_235b
329,factual_simple,350.821,qwen3_235b
330,factual_simple,375.431,qwen3_235b
331,factual_simple,376.829,qwen3_235b
332,factual_simple,355.929,qwen3_235b
333,factual_simple,361.031,qwen3_235b
334,factual_simple,374.084,qwen3_235b
335,factual_simple,377.082,qwen3_235b
336,factual_simple,385.612,qwen3_235b
337,factual_simple,345.483,qwen3_235b
338,factual_simple,366.299,qwen3_235b
339,factual_simple,384.058,qwen3_235b
340,factual_simple,371.109,qwen3_235b
341,summarization_short,1491.829,qwen3_235b
342,summarization_short,1481.99,qwen3_235b
343,summarization_short,1484.424,qwen3_235b
344,summarization_short,1476.025,qwen3_235b
345,summarization_short,1505.524,qwen3_235b
346,summarization_short,1482.43,qwen3_235b
347,summarization_short,1500.119,qwen3_235b
348,summarization_short,1478.283,qwen3_235b
349,summarization_short,1502.967,qwen3_235b
350,summarization_short,1489.548,qwen3_235b
351,summarization_short,1498.812,qwen3_235b
352,summarization_short,1491.893,qwen3_235b
353,summarization_short,1492.764,qwen3_235b
354,summarization_short,1489.838,qwen3_235b
355,summarization_short,1499.62,qwen3_235b
356,summarization_short,1496.526,qwen3_235b
357,summarization_short,1481.723,qwen3_235b
358,summarization_short,1518.248,qwen3_235b
359,summarization_short,1492.727,qwen3_235b
360,summarization_short,1501.644,qwen3_235b
361,reasoning_arithmetic,2219.147,qwen3_235b
362,reasoning_arithmetic,2115.805,qwen3_235b
363,reasoning_arithmetic,2100.897,qwen3_235b
364,reasoning_arithmetic,1755.293,qwen3_235b
365,reasoning_arithmetic,2111.727,qwen3_235b
366,reasoning_arithmetic,2131.208,qwen3_235b
367,reasoning_arithmetic,2128.217,qwen3_235b
368,reasoning_arithmetic,2140.238,qwen3_235b
369,reasoning_arithmetic,2101.864,qwen3_235b
370,reasoning_arithmetic,2105.802,qwen3_235b
371,reasoning_arithmetic,1741.937,qwen3_235b
372,reasoning_arithmetic,2125.718,qwen3_235b
373,reasoning_arithmetic,2111.561,qwen3_235b
374,reasoning_arithmetic,1755.929,qwen3_235b
375,reasoning_arithmetic,1751.327,qwen3_235b
376,reasoning_arithmetic,1725.599,qwen3_235b
377,reasoning_arithmetic,1722.466,qwen3_235b
378,reasoning_arithmetic,1721.625,qwen3_235b
379,reasoning_arithmetic,1787.899,qwen3_235b
380,reasoning_arithmetic,2133.42,qwen3_235b
381,code_simple,2536.689,qwen3_235b
382,code_simple,2558.455,qwen3_235b
383,code_simple,2552.588,qwen3_235b
384,code_simple,2510.866,qwen3_235b
385,code_simple,2539.277,qwen3_235b
386,code_simple,2549.444,qwen3_235b
387,code_simple,2530.756,qwen3_235b
388,code_simple,2515.334,qwen3_235b
389,code_simple,2539.352,qwen3_235b
390,code_simple,2537.397,qwen3_235b
391,code_simple,2518.548,qwen3_235b
392,code_simple,2583.739,qwen3_235b
393,code_simple,2596.409,qwen3_235b
394,code_simple,2593.711,qwen3_235b
395,code_simple,2538.005,qwen3_235b
396,code_simple,2519.724,qwen3_235b
397,code_simple,2531.441,qwen3_235b
398,code_simple,2534.46,qwen3_235b
399,code_simple,2538.062,qwen3_235b
400,code_simple,2537.351,qwen3_235b
